{"loss": [0.9160680770874023, 0.6365694999694824, 0.4909473955631256, 0.4598032832145691, 0.41688141226768494, 0.35837849974632263, 0.3375816345214844, 0.3247920274734497, 0.3349553942680359, 0.29763850569725037, 0.2988261282444, 0.32234928011894226, 0.31039872765541077, 0.35150033235549927, 0.30429959297180176, 0.3316296339035034, 0.32721075415611267, 0.29887625575065613, 0.30000877380371094, 0.30815428495407104, 0.2727460563182831, 0.314304381608963, 0.2848576307296753, 0.2638688087463379, 0.27481183409690857, 0.27859964966773987, 0.2709365785121918, 0.27264976501464844, 0.26309633255004883, 0.2602744996547699, 0.26458531618118286, 0.28247368335723877], "accuracy": [0.6963087320327759, 0.8087248206138611, 0.869966447353363, 0.8766778707504272, 0.8942952752113342, 0.9102349281311035, 0.9236577153205872, 0.926174521446228, 0.9253355860710144, 0.936241626739502, 0.936241626739502, 0.9278523325920105, 0.9270133972167969, 0.9194630980491638, 0.9354026913642883, 0.9203020334243774, 0.9253355860710144, 0.9286912679672241, 0.9320470094680786, 0.9337248206138611, 0.943791925907135, 0.938758373260498, 0.9412751793861389, 0.9463087320327759, 0.9429529905319214, 0.9421141147613525, 0.9412751793861389, 0.9463087320327759, 0.9454697966575623, 0.9429529905319214, 0.9454697966575623, 0.9429529905319214], "auc": [0.7704362273216248, 0.8812426328659058, 0.9356971979141235, 0.9397876262664795, 0.9561034440994263, 0.9684804677963257, 0.9735791087150574, 0.9763580560684204, 0.9742664098739624, 0.9815323948860168, 0.9817529320716858, 0.976390540599823, 0.9787755608558655, 0.9690565466880798, 0.9789317846298218, 0.9728569984436035, 0.9739404916763306, 0.9803699851036072, 0.9795669913291931, 0.9777430295944214, 0.9849134087562561, 0.9745397567749023, 0.9813352823257446, 0.9857072234153748, 0.9831236600875854, 0.9810667634010315, 0.9844580292701721, 0.9823384881019592, 0.984690248966217, 0.9855721592903137, 0.9838352203369141, 0.9790772199630737], "val_loss": [0.9415246844291687, 0.901096761226654, 0.9223068356513977, 0.8130884766578674, 0.8217658996582031, 1.0417670011520386, 1.4314392805099487, 2.3184850215911865, 2.3594369888305664, 2.233002185821533, 2.118887424468994, 1.4270509481430054, 0.593476414680481, 0.8266876339912415, 0.5466400384902954, 0.5157285928726196, 0.4113106429576874, 0.35217803716659546, 0.3369082510471344, 0.3174991011619568, 0.31337130069732666, 0.2824629545211792, 0.2861205041408539, 0.31344693899154663, 0.3039868474006653, 0.30472153425216675, 0.46628859639167786, 0.36135733127593994, 0.3030756413936615, 0.29073914885520935, 0.3034709095954895, 0.3052287697792053], "val_accuracy": [0.5176470875740051, 0.5176470875740051, 0.5176470875740051, 0.5803921818733215, 0.5607843399047852, 0.5411764979362488, 0.5490196347236633, 0.5411764979362488, 0.5686274766921997, 0.5568627715110779, 0.5372549295425415, 0.5960784554481506, 0.843137264251709, 0.7333333492279053, 0.8588235378265381, 0.8666666746139526, 0.9019607901573181, 0.9372549057006836, 0.929411768913269, 0.9450980424880981, 0.9333333373069763, 0.9529411792755127, 0.9490196108818054, 0.9529411792755127, 0.9490196108818054, 0.9411764740943909, 0.8666666746139526, 0.9019607901573181, 0.9411764740943909, 0.9333333373069763, 0.9333333373069763, 0.9215686321258545], "val_auc": [0.5982006788253784, 0.6241906881332397, 0.6486428380012512, 0.6317416429519653, 0.614709734916687, 0.5994771122932434, 0.5905574560165405, 0.5602153539657593, 0.5942021608352661, 0.6299423575401306, 0.6535178422927856, 0.7211918234825134, 0.8967704176902771, 0.8308650851249695, 0.9169549942016602, 0.9232295155525208, 0.9514802098274231, 0.9666743278503418, 0.9699192047119141, 0.9748558402061462, 0.9749326705932617, 0.9813917279243469, 0.9794386029243469, 0.9745636582374573, 0.9781315326690674, 0.9776855707168579, 0.9444983005523682, 0.9634448885917664, 0.9739946722984314, 0.9783006906509399, 0.9763398766517639, 0.9763936400413513], "lr": [0.0010000000474974513, 0.0010000000474974513, 0.0010000000474974513, 0.0010000000474974513, 0.0010000000474974513, 0.0010000000474974513, 0.0010000000474974513, 0.0010000000474974513, 0.0010000000474974513, 0.0005000000237487257, 0.0005000000237487257, 0.0005000000237487257, 0.0005000000237487257, 0.0005000000237487257, 0.0005000000237487257, 0.0005000000237487257, 0.0005000000237487257, 0.0005000000237487257, 0.0005000000237487257, 0.0005000000237487257, 0.0005000000237487257, 0.0005000000237487257, 0.0005000000237487257, 0.0005000000237487257, 0.0005000000237487257, 0.0005000000237487257, 0.0005000000237487257, 0.0002500000118743628, 0.0002500000118743628, 0.0002500000118743628, 0.0002500000118743628, 0.0002500000118743628]}